Zancada,Metodo,Fase,Inicio_fase,Fin_fase,Duraci√≥n_fase
1,CSV,Heel strike - Loading response,00:02.060,00:02.173,00:00.112
1,CSV,Mid-stance,00:02.173,00:02.397,00:00.224
1,CSV,Terminal stance,00:02.397,00:02.622,00:00.224
1,CSV,Pre-swing,00:02.622,00:02.734,00:00.112
1,CSV,Toe-off,00:02.734,00:02.880,00:00.145
1,CSV,Mid-swing,00:02.880,00:03.038,00:00.157
1,CSV,Terminal swing,00:03.038,00:03.184,00:00.145
1,Video,Heel strike - Loading response,00:01.995,00:02.108,00:00.113
1,Video,Mid-stance,00:02.108,00:02.334,00:00.226
1,Video,Terminal stance,00:02.334,00:02.561,00:00.226
1,Video,Pre-swing,00:02.561,00:02.674,00:00.113
1,Video,Toe-off,00:02.674,00:02.822,00:00.147
1,Video,Mid-swing,00:02.822,00:02.980,00:00.158
1,Video,Terminal swing,00:02.980,00:03.128,00:00.147
2,CSV,Heel strike - Loading response,00:03.184,00:03.290,00:00.106
2,CSV,Mid-stance,00:03.290,00:03.502,00:00.212
2,CSV,Terminal stance,00:03.502,00:03.714,00:00.212
2,CSV,Pre-swing,00:03.714,00:03.821,00:00.106
2,CSV,Toe-off,00:03.821,00:03.959,00:00.138
2,CSV,Mid-swing,00:03.959,00:04.107,00:00.148
2,CSV,Terminal swing,00:04.107,00:04.246,00:00.138
2,Video,Heel strike - Loading response,00:03.128,00:03.234,00:00.106
2,Video,Mid-stance,00:03.234,00:03.447,00:00.213
2,Video,Terminal stance,00:03.447,00:03.661,00:00.213
2,Video,Pre-swing,00:03.661,00:03.767,00:00.106
2,Video,Toe-off,00:03.767,00:03.906,00:00.138
2,Video,Mid-swing,00:03.906,00:04.055,00:00.149
2,Video,Terminal swing,00:04.055,00:04.193,00:00.138
3,CSV,Heel strike - Loading response,00:04.246,00:04.353,00:00.107
3,CSV,Mid-stance,00:04.353,00:04.569,00:00.215
3,CSV,Terminal stance,00:04.569,00:04.784,00:00.215
3,CSV,Pre-swing,00:04.784,00:04.892,00:00.107
3,CSV,Toe-off,00:04.892,00:05.032,00:00.140
3,CSV,Mid-swing,00:05.032,00:05.182,00:00.150
3,CSV,Terminal swing,00:05.182,00:05.323,00:00.140
3,Video,Heel strike - Loading response,00:04.193,00:04.300,00:00.106
3,Video,Mid-stance,00:04.300,00:04.513,00:00.213
3,Video,Terminal stance,00:04.513,00:04.727,00:00.213
3,Video,Pre-swing,00:04.727,00:04.833,00:00.106
3,Video,Toe-off,00:04.833,00:04.972,00:00.138
3,Video,Mid-swing,00:04.972,00:05.121,00:00.149
3,Video,Terminal swing,00:05.121,00:05.259,00:00.138
6,CSV,Heel strike - Loading response,00:07.615,00:07.721,00:00.106
6,CSV,Mid-stance,00:07.721,00:07.933,00:00.212
6,CSV,Terminal stance,00:07.933,00:08.145,00:00.212
6,CSV,Pre-swing,00:08.145,00:08.251,00:00.106
6,CSV,Toe-off,00:08.251,00:08.389,00:00.137
6,CSV,Mid-swing,00:08.389,00:08.538,00:00.148
6,CSV,Terminal swing,00:08.538,00:08.676,00:00.137
6,Video,Heel strike - Loading response,00:07.593,00:07.702,00:00.109
6,Video,Mid-stance,00:07.702,00:07.922,00:00.219
6,Video,Terminal stance,00:07.922,00:08.142,00:00.219
6,Video,Pre-swing,00:08.142,00:08.252,00:00.109
6,Video,Toe-off,00:08.252,00:08.395,00:00.142
6,Video,Mid-swing,00:08.395,00:08.549,00:00.153
6,Video,Terminal swing,00:08.549,00:08.692,00:00.142
7,CSV,Heel strike - Loading response,00:08.676,00:08.783,00:00.107
7,CSV,Mid-stance,00:08.783,00:08.999,00:00.215
7,CSV,Terminal stance,00:08.999,00:09.214,00:00.215
7,CSV,Pre-swing,00:09.214,00:09.322,00:00.107
7,CSV,Toe-off,00:09.322,00:09.462,00:00.140
7,CSV,Mid-swing,00:09.462,00:09.612,00:00.150
7,CSV,Terminal swing,00:09.612,00:09.753,00:00.140
7,Video,Heel strike - Loading response,00:08.692,00:08.801,00:00.110
7,Video,Mid-stance,00:08.801,00:09.022,00:00.220
7,Video,Terminal stance,00:09.022,00:09.242,00:00.220
7,Video,Pre-swing,00:09.242,00:09.352,00:00.110
7,Video,Toe-off,00:09.352,00:09.494,00:00.143
7,Video,Mid-swing,00:09.494,00:09.649,00:00.154
7,Video,Terminal swing,00:09.649,00:09.791,00:00.143
8,CSV,Heel strike - Loading response,00:09.753,00:09.857,00:00.104
8,CSV,Mid-stance,00:09.857,00:10.067,00:00.209
8,CSV,Terminal stance,00:10.067,00:10.276,00:00.209
8,CSV,Pre-swing,00:10.276,00:10.381,00:00.104
8,CSV,Toe-off,00:10.381,00:10.517,00:00.136
8,CSV,Mid-swing,00:10.517,00:10.663,00:00.146
8,CSV,Terminal swing,00:10.663,00:10.800,00:00.136
8,Video,Heel strike - Loading response,00:09.791,00:09.895,00:00.103
8,Video,Mid-stance,00:09.895,00:10.101,00:00.206
8,Video,Terminal stance,00:10.101,00:10.308,00:00.206
8,Video,Pre-swing,00:10.308,00:10.411,00:00.103
8,Video,Toe-off,00:10.411,00:10.546,00:00.134
8,Video,Mid-swing,00:10.546,00:10.690,00:00.144
8,Video,Terminal swing,00:10.690,00:10.824,00:00.134
12,CSV,Heel strike - Loading response,00:14.214,00:14.330,00:00.115
12,CSV,Mid-stance,00:14.330,00:14.561,00:00.230
12,CSV,Terminal stance,00:14.561,00:14.791,00:00.230
12,CSV,Pre-swing,00:14.791,00:14.907,00:00.115
12,CSV,Toe-off,00:14.907,00:15.057,00:00.150
12,CSV,Mid-swing,00:15.057,00:15.218,00:00.161
12,CSV,Terminal swing,00:15.218,00:15.368,00:00.150
12,Video,Heel strike - Loading response,00:14.390,00:14.499,00:00.109
12,Video,Mid-stance,00:14.499,00:14.719,00:00.219
12,Video,Terminal stance,00:14.719,00:14.939,00:00.219
12,Video,Pre-swing,00:14.939,00:15.049,00:00.109
12,Video,Toe-off,00:15.049,00:15.192,00:00.142
12,Video,Mid-swing,00:15.192,00:15.346,00:00.153
12,Video,Terminal swing,00:15.346,00:15.489,00:00.142
13,CSV,Heel strike - Loading response,00:15.368,00:15.475,00:00.106
13,CSV,Mid-stance,00:15.475,00:15.687,00:00.212
13,CSV,Terminal stance,00:15.687,00:15.899,00:00.212
13,CSV,Pre-swing,00:15.899,00:16.005,00:00.106
13,CSV,Toe-off,00:16.005,00:16.143,00:00.137
13,CSV,Mid-swing,00:16.143,00:16.292,00:00.148
13,CSV,Terminal swing,00:16.292,00:16.429,00:00.137
13,Video,Heel strike - Loading response,00:15.489,00:15.598,00:00.109
13,Video,Mid-stance,00:15.598,00:15.818,00:00.219
13,Video,Terminal stance,00:15.818,00:16.038,00:00.219
13,Video,Pre-swing,00:16.038,00:16.148,00:00.109
13,Video,Toe-off,00:16.148,00:16.291,00:00.142
13,Video,Mid-swing,00:16.291,00:16.445,00:00.153
13,Video,Terminal swing,00:16.445,00:16.588,00:00.142
14,CSV,Heel strike - Loading response,00:16.429,00:16.537,00:00.107
14,CSV,Mid-stance,00:16.537,00:16.753,00:00.215
14,CSV,Terminal stance,00:16.753,00:16.968,00:00.215
14,CSV,Pre-swing,00:16.968,00:17.076,00:00.107
14,CSV,Toe-off,00:17.076,00:17.216,00:00.140
14,CSV,Mid-swing,00:17.216,00:17.366,00:00.150
14,CSV,Terminal swing,00:17.366,00:17.507,00:00.140
14,Video,Heel strike - Loading response,00:16.588,00:16.694,00:00.106
14,Video,Mid-stance,00:16.694,00:16.908,00:00.213
14,Video,Terminal stance,00:16.908,00:17.121,00:00.213
14,Video,Pre-swing,00:17.121,00:17.228,00:00.106
14,Video,Toe-off,00:17.228,00:17.366,00:00.138
14,Video,Mid-swing,00:17.366,00:17.516,00:00.149
14,Video,Terminal swing,00:17.516,00:17.655,00:00.138
17,CSV,Heel strike - Loading response,00:19.937,00:20.047,00:00.109
17,CSV,Mid-stance,00:20.047,00:20.265,00:00.218
17,CSV,Terminal stance,00:20.265,00:20.484,00:00.218
17,CSV,Pre-swing,00:20.484,00:20.593,00:00.109
17,CSV,Toe-off,00:20.593,00:20.735,00:00.141
17,CSV,Mid-swing,00:20.735,00:20.888,00:00.152
17,CSV,Terminal swing,00:20.888,00:21.030,00:00.141
17,Video,Heel strike - Loading response,00:20.086,00:20.200,00:00.113
17,Video,Mid-stance,00:20.200,00:20.426,00:00.226
17,Video,Terminal stance,00:20.426,00:20.653,00:00.226
17,Video,Pre-swing,00:20.653,00:20.766,00:00.113
17,Video,Toe-off,00:20.766,00:20.914,00:00.147
17,Video,Mid-swing,00:20.914,00:21.072,00:00.158
17,Video,Terminal swing,00:21.072,00:21.219,00:00.147
18,CSV,Heel strike - Loading response,00:21.030,00:21.140,00:00.110
18,CSV,Mid-stance,00:21.140,00:21.362,00:00.221
18,CSV,Terminal stance,00:21.362,00:21.583,00:00.221
18,CSV,Pre-swing,00:21.583,00:21.694,00:00.110
18,CSV,Toe-off,00:21.694,00:21.838,00:00.144
18,CSV,Mid-swing,00:21.838,00:21.993,00:00.155
18,CSV,Terminal swing,00:21.993,00:22.138,00:00.144
18,Video,Heel strike - Loading response,00:21.219,00:21.329,00:00.109
18,Video,Mid-stance,00:21.329,00:21.549,00:00.219
18,Video,Terminal stance,00:21.549,00:21.769,00:00.219
18,Video,Pre-swing,00:21.769,00:21.879,00:00.109
18,Video,Toe-off,00:21.879,00:22.022,00:00.142
18,Video,Mid-swing,00:22.022,00:22.176,00:00.153
18,Video,Terminal swing,00:22.176,00:22.318,00:00.142
19,CSV,Heel strike - Loading response,00:22.138,00:22.253,00:00.115
19,CSV,Mid-stance,00:22.253,00:22.484,00:00.230
19,CSV,Terminal stance,00:22.484,00:22.714,00:00.230
19,CSV,Pre-swing,00:22.714,00:22.830,00:00.115
19,CSV,Toe-off,00:22.830,00:22.980,00:00.150
19,CSV,Mid-swing,00:22.980,00:23.141,00:00.161
19,CSV,Terminal swing,00:23.141,00:23.292,00:00.150
19,Video,Heel strike - Loading response,00:22.318,00:22.441,00:00.122
19,Video,Mid-stance,00:22.441,00:22.685,00:00.244
19,Video,Terminal stance,00:22.685,00:22.930,00:00.244
19,Video,Pre-swing,00:22.930,00:23.052,00:00.122
19,Video,Toe-off,00:23.052,00:23.211,00:00.158
19,Video,Mid-swing,00:23.211,00:23.383,00:00.171
19,Video,Terminal swing,00:23.383,00:23.542,00:00.158
22,CSV,Heel strike - Loading response,00:25.768,00:25.881,00:00.112
22,CSV,Mid-stance,00:25.881,00:26.105,00:00.224
22,CSV,Terminal stance,00:26.105,00:26.330,00:00.224
22,CSV,Pre-swing,00:26.330,00:26.442,00:00.112
22,CSV,Toe-off,00:26.442,00:26.588,00:00.145
22,CSV,Mid-swing,00:26.588,00:26.746,00:00.157
22,CSV,Terminal swing,00:26.746,00:26.891,00:00.145
22,CSV,Heel strike - Loading response,00:26.891,00:26.996,00:00.104
22,CSV,Mid-stance,00:26.996,00:27.205,00:00.209
22,CSV,Terminal stance,00:27.205,00:27.414,00:00.209
22,CSV,Pre-swing,00:27.414,00:27.519,00:00.104
22,CSV,Toe-off,00:27.519,00:27.655,00:00.135
22,CSV,Mid-swing,00:27.655,00:27.802,00:00.146
22,CSV,Terminal swing,00:27.802,00:27.937,00:00.135
22,Video,Heel strike - Loading response,00:26.050,00:26.164,00:00.113
22,Video,Mid-stance,00:26.164,00:26.390,00:00.226
22,Video,Terminal stance,00:26.390,00:26.617,00:00.226
22,Video,Pre-swing,00:26.617,00:26.730,00:00.113
22,Video,Toe-off,00:26.730,00:26.878,00:00.147
22,Video,Mid-swing,00:26.878,00:27.036,00:00.158
22,Video,Terminal swing,00:27.036,00:27.184,00:00.147
22,Video,Heel strike - Loading response,00:27.184,00:27.294,00:00.110
22,Video,Mid-stance,00:27.294,00:27.514,00:00.220
22,Video,Terminal stance,00:27.514,00:27.734,00:00.220
22,Video,Pre-swing,00:27.734,00:27.845,00:00.110
22,Video,Toe-off,00:27.845,00:27.988,00:00.143
22,Video,Mid-swing,00:27.988,00:28.142,00:00.154
22,Video,Terminal swing,00:28.142,00:28.286,00:00.143
23,CSV,Heel strike - Loading response,00:27.937,00:28.053,00:00.115
23,CSV,Mid-stance,00:28.053,00:28.284,00:00.230
23,CSV,Terminal stance,00:28.284,00:28.515,00:00.230
23,CSV,Pre-swing,00:28.515,00:28.630,00:00.115
23,CSV,Toe-off,00:28.630,00:28.780,00:00.150
23,CSV,Mid-swing,00:28.780,00:28.941,00:00.161
23,CSV,Terminal swing,00:28.941,00:29.091,00:00.150
23,Video,Heel strike - Loading response,00:28.286,00:28.395,00:00.109
23,Video,Mid-stance,00:28.395,00:28.615,00:00.219
23,Video,Terminal stance,00:28.615,00:28.834,00:00.219
23,Video,Pre-swing,00:28.834,00:28.944,00:00.109
23,Video,Toe-off,00:28.944,00:29.086,00:00.142
23,Video,Mid-swing,00:29.086,00:29.240,00:00.153
23,Video,Terminal swing,00:29.240,00:29.382,00:00.142
26,CSV,Heel strike - Loading response,00:31.460,00:31.576,00:00.115
26,CSV,Mid-stance,00:31.576,00:31.807,00:00.230
26,CSV,Terminal stance,00:31.807,00:32.037,00:00.230
26,CSV,Pre-swing,00:32.037,00:32.153,00:00.115
26,CSV,Toe-off,00:32.153,00:32.303,00:00.150
26,CSV,Mid-swing,00:32.303,00:32.464,00:00.161
26,CSV,Terminal swing,00:32.464,00:32.615,00:00.150
26,Video,Heel strike - Loading response,00:31.815,00:31.928,00:00.113
26,Video,Mid-stance,00:31.928,00:32.154,00:00.226
26,Video,Terminal stance,00:32.154,00:32.381,00:00.226
26,Video,Pre-swing,00:32.381,00:32.494,00:00.113
26,Video,Toe-off,00:32.494,00:32.642,00:00.147
26,Video,Mid-swing,00:32.642,00:32.800,00:00.158
26,Video,Terminal swing,00:32.800,00:32.948,00:00.147
27,CSV,Heel strike - Loading response,00:32.615,00:32.721,00:00.106
27,CSV,Mid-stance,00:32.721,00:32.933,00:00.212
27,CSV,Terminal stance,00:32.933,00:33.145,00:00.212
27,CSV,Pre-swing,00:33.145,00:33.251,00:00.106
27,CSV,Toe-off,00:33.251,00:33.389,00:00.137
27,CSV,Mid-swing,00:33.389,00:33.538,00:00.148
27,CSV,Terminal swing,00:33.538,00:33.676,00:00.137
27,Video,Heel strike - Loading response,00:32.948,00:33.057,00:00.109
27,Video,Mid-stance,00:33.057,00:33.277,00:00.219
27,Video,Terminal stance,00:33.277,00:33.497,00:00.219
27,Video,Pre-swing,00:33.497,00:33.607,00:00.109
27,Video,Toe-off,00:33.607,00:33.750,00:00.142
27,Video,Mid-swing,00:33.750,00:33.904,00:00.153
27,Video,Terminal swing,00:33.904,00:34.046,00:00.142
28,CSV,Heel strike - Loading response,00:33.676,00:33.786,00:00.110
28,CSV,Mid-stance,00:33.786,00:34.008,00:00.221
28,CSV,Terminal stance,00:34.008,00:34.229,00:00.221
28,CSV,Pre-swing,00:34.229,00:34.340,00:00.110
28,CSV,Toe-off,00:34.340,00:34.484,00:00.144
28,CSV,Mid-swing,00:34.484,00:34.639,00:00.155
28,CSV,Terminal swing,00:34.639,00:34.783,00:00.144
28,Video,Heel strike - Loading response,00:34.046,00:34.156,00:00.110
28,Video,Mid-stance,00:34.156,00:34.377,00:00.220
28,Video,Terminal stance,00:34.377,00:34.597,00:00.220
28,Video,Pre-swing,00:34.597,00:34.707,00:00.110
28,Video,Toe-off,00:34.707,00:34.850,00:00.143
28,Video,Mid-swing,00:34.850,00:35.003,00:00.154
28,Video,Terminal swing,00:35.003,00:35.146,00:00.143
29,CSV,Heel strike - Loading response,00:34.783,00:34.894,00:00.110
29,CSV,Mid-stance,00:34.894,00:35.116,00:00.221
29,CSV,Terminal stance,00:35.116,00:35.338,00:00.221
29,CSV,Pre-swing,00:35.338,00:35.448,00:00.110
29,CSV,Toe-off,00:35.448,00:35.592,00:00.144
29,CSV,Mid-swing,00:35.592,00:35.747,00:00.155
29,CSV,Terminal swing,00:35.747,00:35.892,00:00.144
29,Video,Heel strike - Loading response,00:35.146,00:35.260,00:00.113
29,Video,Mid-stance,00:35.260,00:35.486,00:00.226
29,Video,Terminal stance,00:35.486,00:35.713,00:00.226
29,Video,Pre-swing,00:35.713,00:35.826,00:00.113
29,Video,Toe-off,00:35.826,00:35.973,00:00.147
29,Video,Mid-swing,00:35.973,00:36.131,00:00.158
29,Video,Terminal swing,00:36.131,00:36.279,00:00.147
41,CSV,Heel strike - Loading response,00:38.229,00:38.339,00:00.109
41,CSV,Mid-stance,00:38.339,00:38.557,00:00.218
41,CSV,Terminal stance,00:38.557,00:38.776,00:00.218
41,CSV,Pre-swing,00:38.776,00:38.885,00:00.109
41,CSV,Toe-off,00:38.885,00:39.027,00:00.142
41,CSV,Mid-swing,00:39.027,00:39.180,00:00.153
41,CSV,Terminal swing,00:39.180,00:39.323,00:00.142
41,Video,Heel strike - Loading response,00:38.677,00:38.791,00:00.113
41,Video,Mid-stance,00:38.791,00:39.017,00:00.226
41,Video,Terminal stance,00:39.017,00:39.244,00:00.226
41,Video,Pre-swing,00:39.244,00:39.357,00:00.113
41,Video,Toe-off,00:39.357,00:39.505,00:00.147
41,Video,Mid-swing,00:39.505,00:39.663,00:00.158
41,Video,Terminal swing,00:39.663,00:39.811,00:00.147
42,CSV,Heel strike - Loading response,00:39.323,00:39.427,00:00.104
42,CSV,Mid-stance,00:39.427,00:39.636,00:00.209
42,CSV,Terminal stance,00:39.636,00:39.845,00:00.209
42,CSV,Pre-swing,00:39.845,00:39.950,00:00.104
42,CSV,Toe-off,00:39.950,00:40.086,00:00.135
42,CSV,Mid-swing,00:40.086,00:40.233,00:00.146
42,CSV,Terminal swing,00:40.233,00:40.368,00:00.135
42,Video,Heel strike - Loading response,00:39.811,00:39.920,00:00.110
42,Video,Mid-stance,00:39.920,00:40.140,00:00.220
42,Video,Terminal stance,00:40.140,00:40.360,00:00.220
42,Video,Pre-swing,00:40.360,00:40.470,00:00.110
42,Video,Toe-off,00:40.470,00:40.613,00:00.143
42,Video,Mid-swing,00:40.613,00:40.768,00:00.154
42,Video,Terminal swing,00:40.768,00:40.911,00:00.143
43,CSV,Heel strike - Loading response,00:40.368,00:40.476,00:00.107
43,CSV,Mid-stance,00:40.476,00:40.692,00:00.215
43,CSV,Terminal stance,00:40.692,00:40.907,00:00.215
43,CSV,Pre-swing,00:40.907,00:41.015,00:00.107
43,CSV,Toe-off,00:41.015,00:41.155,00:00.140
43,CSV,Mid-swing,00:41.155,00:41.305,00:00.150
43,CSV,Terminal swing,00:41.305,00:41.445,00:00.140
43,Video,Heel strike - Loading response,00:40.911,00:41.014,00:00.103
43,Video,Mid-stance,00:41.014,00:41.220,00:00.206
43,Video,Terminal stance,00:41.220,00:41.426,00:00.206
43,Video,Pre-swing,00:41.426,00:41.530,00:00.103
43,Video,Toe-off,00:41.530,00:41.664,00:00.134
43,Video,Mid-swing,00:41.664,00:41.808,00:00.144
43,Video,Terminal swing,00:41.808,00:41.942,00:00.134
44,CSV,Heel strike - Loading response,00:41.445,00:41.559,00:00.113
44,CSV,Mid-stance,00:41.559,00:41.787,00:00.227
44,CSV,Terminal stance,00:41.787,00:42.015,00:00.227
44,CSV,Pre-swing,00:42.015,00:42.128,00:00.113
44,CSV,Toe-off,00:42.128,00:42.276,00:00.147
44,CSV,Mid-swing,00:42.276,00:42.436,00:00.159
44,CSV,Terminal swing,00:42.436,00:42.584,00:00.147
44,Video,Heel strike - Loading response,00:41.942,00:42.059,00:00.116
44,Video,Mid-stance,00:42.059,00:42.293,00:00.233
44,Video,Terminal stance,00:42.293,00:42.526,00:00.233
44,Video,Pre-swing,00:42.526,00:42.643,00:00.116
44,Video,Toe-off,00:42.643,00:42.794,00:00.151
44,Video,Mid-swing,00:42.794,00:42.958,00:00.163
44,Video,Terminal swing,00:42.958,00:43.109,00:00.151
47,CSV,Heel strike - Loading response,00:46.091,00:46.198,00:00.106
47,CSV,Mid-stance,00:46.198,00:46.410,00:00.212
47,CSV,Terminal stance,00:46.410,00:46.622,00:00.212
47,CSV,Pre-swing,00:46.622,00:46.728,00:00.106
47,CSV,Toe-off,00:46.728,00:46.866,00:00.137
47,CSV,Mid-swing,00:46.866,00:47.015,00:00.148
47,CSV,Terminal swing,00:47.015,00:47.152,00:00.137
47,Video,Heel strike - Loading response,00:45.542,00:45.655,00:00.113
47,Video,Mid-stance,00:45.655,00:45.881,00:00.226
47,Video,Terminal stance,00:45.881,00:46.108,00:00.226
47,Video,Pre-swing,00:46.108,00:46.221,00:00.113
47,Video,Toe-off,00:46.221,00:46.369,00:00.147
47,Video,Mid-swing,00:46.369,00:46.527,00:00.158
47,Video,Terminal swing,00:46.527,00:46.674,00:00.147
48,CSV,Heel strike - Loading response,00:47.152,00:47.262,00:00.109
48,CSV,Mid-stance,00:47.262,00:47.480,00:00.218
48,CSV,Terminal stance,00:47.480,00:47.699,00:00.218
48,CSV,Pre-swing,00:47.699,00:47.808,00:00.109
48,CSV,Toe-off,00:47.808,00:47.950,00:00.142
48,CSV,Mid-swing,00:47.950,00:48.103,00:00.153
48,CSV,Terminal swing,00:48.103,00:48.246,00:00.142
48,Video,Heel strike - Loading response,00:46.674,00:46.781,00:00.106
48,Video,Mid-stance,00:46.781,00:46.994,00:00.213
48,Video,Terminal stance,00:46.994,00:47.207,00:00.213
48,Video,Pre-swing,00:47.207,00:47.314,00:00.106
48,Video,Toe-off,00:47.314,00:47.453,00:00.138
48,Video,Mid-swing,00:47.453,00:47.602,00:00.149
48,Video,Terminal swing,00:47.602,00:47.740,00:00.138
49,CSV,Heel strike - Loading response,00:48.246,00:48.361,00:00.115
49,CSV,Mid-stance,00:48.361,00:48.592,00:00.230
49,CSV,Terminal stance,00:48.592,00:48.823,00:00.230
49,CSV,Pre-swing,00:48.823,00:48.938,00:00.115
49,CSV,Toe-off,00:48.938,00:49.088,00:00.150
49,CSV,Mid-swing,00:49.088,00:49.249,00:00.161
49,CSV,Terminal swing,00:49.249,00:49.399,00:00.150
49,Video,Heel strike - Loading response,00:47.740,00:47.854,00:00.113
49,Video,Mid-stance,00:47.854,00:48.080,00:00.226
49,Video,Terminal stance,00:48.080,00:48.307,00:00.226
49,Video,Pre-swing,00:48.307,00:48.420,00:00.113
49,Video,Toe-off,00:48.420,00:48.568,00:00.147
49,Video,Mid-swing,00:48.568,00:48.726,00:00.158
49,Video,Terminal swing,00:48.726,00:48.874,00:00.147
53,CSV,Heel strike - Loading response,00:52.799,00:52.913,00:00.113
53,CSV,Mid-stance,00:52.913,00:53.141,00:00.227
53,CSV,Terminal stance,00:53.141,00:53.368,00:00.227
53,CSV,Pre-swing,00:53.368,00:53.482,00:00.113
53,CSV,Toe-off,00:53.482,00:53.630,00:00.147
53,CSV,Mid-swing,00:53.630,00:53.790,00:00.159
53,CSV,Terminal swing,00:53.790,00:53.938,00:00.147
53,Video,Heel strike - Loading response,00:52.405,00:52.521,00:00.116
53,Video,Mid-stance,00:52.521,00:52.754,00:00.233
53,Video,Terminal stance,00:52.754,00:52.987,00:00.233
53,Video,Pre-swing,00:52.987,00:53.104,00:00.116
53,Video,Toe-off,00:53.104,00:53.256,00:00.151
53,Video,Mid-swing,00:53.256,00:53.419,00:00.163
53,Video,Terminal swing,00:53.419,00:53.570,00:00.151
54,CSV,Heel strike - Loading response,00:53.938,00:54.045,00:00.107
54,CSV,Mid-stance,00:54.045,00:54.261,00:00.215
54,CSV,Terminal stance,00:54.261,00:54.476,00:00.215
54,CSV,Pre-swing,00:54.476,00:54.584,00:00.107
54,CSV,Toe-off,00:54.584,00:54.724,00:00.140
54,CSV,Mid-swing,00:54.724,00:54.874,00:00.150
54,CSV,Terminal swing,00:54.874,00:55.015,00:00.140
54,Video,Heel strike - Loading response,00:53.570,00:53.680,00:00.110
54,Video,Mid-stance,00:53.680,00:53.901,00:00.220
54,Video,Terminal stance,00:53.901,00:54.121,00:00.220
54,Video,Pre-swing,00:54.121,00:54.231,00:00.110
54,Video,Toe-off,00:54.231,00:54.374,00:00.143
54,Video,Mid-swing,00:54.374,00:54.527,00:00.154
54,Video,Terminal swing,00:54.527,00:54.670,00:00.143
55,CSV,Heel strike - Loading response,00:55.015,00:55.131,00:00.116
55,CSV,Mid-stance,00:55.131,00:55.365,00:00.233
55,CSV,Terminal stance,00:55.365,00:55.599,00:00.233
55,CSV,Pre-swing,00:55.599,00:55.716,00:00.116
55,CSV,Toe-off,00:55.716,00:55.868,00:00.151
55,CSV,Mid-swing,00:55.868,00:56.032,00:00.163
55,CSV,Terminal swing,00:56.032,00:56.183,00:00.151
55,Video,Heel strike - Loading response,00:54.670,00:54.777,00:00.106
55,Video,Mid-stance,00:54.777,00:54.990,00:00.213
55,Video,Terminal stance,00:54.990,00:55.204,00:00.213
55,Video,Pre-swing,00:55.204,00:55.310,00:00.106
55,Video,Toe-off,00:55.310,00:55.449,00:00.138
55,Video,Mid-swing,00:55.449,00:55.598,00:00.149
55,Video,Terminal swing,00:55.598,00:55.737,00:00.138
56,CSV,Heel strike - Loading response,00:56.183,00:56.311,00:00.127
56,CSV,Mid-stance,00:56.311,00:56.567,00:00.255
56,CSV,Terminal stance,00:56.567,00:56.822,00:00.255
56,CSV,Pre-swing,00:56.822,00:56.950,00:00.127
56,CSV,Toe-off,00:56.950,00:57.116,00:00.166
56,CSV,Mid-swing,00:57.116,00:57.294,00:00.178
56,CSV,Terminal swing,00:57.294,00:57.460,00:00.166
56,Video,Heel strike - Loading response,00:55.737,00:55.850,00:00.113
56,Video,Mid-stance,00:55.850,00:56.076,00:00.226
56,Video,Terminal stance,00:56.076,00:56.303,00:00.226
56,Video,Pre-swing,00:56.303,00:56.416,00:00.113
56,Video,Toe-off,00:56.416,00:56.564,00:00.147
56,Video,Mid-swing,00:56.564,00:56.722,00:00.158
56,Video,Terminal swing,00:56.722,00:56.869,00:00.147
59,CSV,Heel strike - Loading response,00:59.707,00:59.816,00:00.109
59,CSV,Mid-stance,00:59.816,01:00.034,00:00.218
59,CSV,Terminal stance,01:00.034,01:00.253,00:00.218
59,CSV,Pre-swing,01:00.253,01:00.362,00:00.109
59,CSV,Toe-off,01:00.362,01:00.504,00:00.142
59,CSV,Mid-swing,01:00.504,01:00.657,00:00.153
59,CSV,Terminal swing,01:00.657,01:00.799,00:00.142
59,Video,Heel strike - Loading response,00:59.402,00:59.512,00:00.110
59,Video,Mid-stance,00:59.512,00:59.731,00:00.220
59,Video,Terminal stance,00:59.731,00:59.951,00:00.220
59,Video,Pre-swing,00:59.951,01:00.061,00:00.110
59,Video,Toe-off,01:00.061,01:00.204,00:00.143
59,Video,Mid-swing,01:00.204,01:00.359,00:00.154
59,Video,Terminal swing,01:00.359,01:00.502,00:00.143
60,CSV,Heel strike - Loading response,01:00.799,01:00.913,00:00.113
60,CSV,Mid-stance,01:00.913,01:01.141,00:00.227
60,CSV,Terminal stance,01:01.141,01:01.368,00:00.227
60,CSV,Pre-swing,01:01.368,01:01.482,00:00.113
60,CSV,Toe-off,01:01.482,01:01.630,00:00.147
60,CSV,Mid-swing,01:01.630,01:01.790,00:00.159
60,CSV,Terminal swing,01:01.790,01:01.938,00:00.147
60,Video,Heel strike - Loading response,01:00.502,01:00.611,00:00.109
60,Video,Mid-stance,01:00.611,01:00.831,00:00.219
60,Video,Terminal stance,01:00.831,01:01.051,00:00.219
60,Video,Pre-swing,01:01.051,01:01.161,00:00.109
60,Video,Toe-off,01:01.161,01:01.304,00:00.142
60,Video,Mid-swing,01:01.304,01:01.458,00:00.153
60,Video,Terminal swing,01:01.458,01:01.600,00:00.142
61,CSV,Heel strike - Loading response,01:01.938,01:02.067,00:00.129
61,CSV,Mid-stance,01:02.067,01:02.325,00:00.258
61,CSV,Terminal stance,01:02.325,01:02.584,00:00.258
61,CSV,Pre-swing,01:02.584,01:02.713,00:00.129
61,CSV,Toe-off,01:02.713,01:02.881,00:00.167
61,CSV,Mid-swing,01:02.881,01:03.062,00:00.180
61,CSV,Terminal swing,01:03.062,01:03.229,00:00.167
61,Video,Heel strike - Loading response,01:01.600,01:01.717,00:00.116
61,Video,Mid-stance,01:01.717,01:01.950,00:00.233
61,Video,Terminal stance,01:01.950,01:02.183,00:00.233
61,Video,Pre-swing,01:02.183,01:02.300,00:00.116
61,Video,Toe-off,01:02.300,01:02.452,00:00.151
61,Video,Mid-swing,01:02.452,01:02.615,00:00.163
61,Video,Terminal swing,01:02.615,01:02.767,00:00.151
64,CSV,Heel strike - Loading response,01:05.522,01:05.635,00:00.112
64,CSV,Mid-stance,01:05.635,01:05.859,00:00.224
64,CSV,Terminal stance,01:05.859,01:06.084,00:00.224
64,CSV,Pre-swing,01:06.084,01:06.196,00:00.112
64,CSV,Toe-off,01:06.196,01:06.342,00:00.145
64,CSV,Mid-swing,01:06.342,01:06.500,00:00.157
64,CSV,Terminal swing,01:06.500,01:06.646,00:00.145
64,Video,Heel strike - Loading response,01:05.299,01:05.415,00:00.116
64,Video,Mid-stance,01:05.415,01:05.648,00:00.233
64,Video,Terminal stance,01:05.648,01:05.882,00:00.233
64,Video,Pre-swing,01:05.882,01:05.998,00:00.116
64,Video,Toe-off,01:05.998,01:06.150,00:00.151
64,Video,Mid-swing,01:06.150,01:06.313,00:00.163
64,Video,Terminal swing,01:06.313,01:06.465,00:00.151
65,CSV,Heel strike - Loading response,01:06.646,01:06.756,00:00.110
65,CSV,Mid-stance,01:06.756,01:06.978,00:00.221
65,CSV,Terminal stance,01:06.978,01:07.199,00:00.221
65,CSV,Pre-swing,01:07.199,01:07.310,00:00.110
65,CSV,Toe-off,01:07.310,01:07.454,00:00.143
65,CSV,Mid-swing,01:07.454,01:07.609,00:00.154
65,CSV,Terminal swing,01:07.609,01:07.753,00:00.143
65,Video,Heel strike - Loading response,01:06.465,01:06.575,00:00.110
65,Video,Mid-stance,01:06.575,01:06.795,00:00.220
65,Video,Terminal stance,01:06.795,01:07.015,00:00.220
65,Video,Pre-swing,01:07.015,01:07.125,00:00.110
65,Video,Toe-off,01:07.125,01:07.268,00:00.143
65,Video,Mid-swing,01:07.268,01:07.421,00:00.154
65,Video,Terminal swing,01:07.421,01:07.564,00:00.143
66,CSV,Heel strike - Loading response,01:07.753,01:07.865,00:00.112
66,CSV,Mid-stance,01:07.865,01:08.089,00:00.224
66,CSV,Terminal stance,01:08.089,01:08.314,00:00.224
66,CSV,Pre-swing,01:08.314,01:08.426,00:00.112
66,CSV,Toe-off,01:08.426,01:08.572,00:00.145
66,CSV,Mid-swing,01:08.572,01:08.730,00:00.157
66,CSV,Terminal swing,01:08.730,01:08.876,00:00.145
66,Video,Heel strike - Loading response,01:07.564,01:07.678,00:00.113
66,Video,Mid-stance,01:07.678,01:07.904,00:00.226
66,Video,Terminal stance,01:07.904,01:08.131,00:00.226
66,Video,Pre-swing,01:08.131,01:08.244,00:00.113
66,Video,Toe-off,01:08.244,01:08.392,00:00.147
66,Video,Mid-swing,01:08.392,01:08.550,00:00.158
66,Video,Terminal swing,01:08.550,01:08.697,00:00.147
